,gene_id,expected_count
591,TRINITY_DN10482_c0_g1_i1,196005.0
7638,TRINITY_DN16723_c0_g1_i1,30856.0
9198,TRINITY_DN17_c0_g1_i2,11042.0
10714,TRINITY_DN192_c0_g1_i1,8252.0
9084,TRINITY_DN178_c0_g1_i1,8237.0
6471,TRINITY_DN15784_c0_g1_i1,7763.0
713,TRINITY_DN105_c0_g1_i1,7017.0
5566,TRINITY_DN14_c0_g1_i1,3844.0
6612,TRINITY_DN158_c0_g1_i1,3593.0
73,TRINITY_DN10051_c0_g1_i1,2603.0
6462,TRINITY_DN15778_c0_g1_i1,2499.0
6910,TRINITY_DN16130_c0_g1_i1,2397.0
128,TRINITY_DN100_c0_g1_i1,2308.0
319,TRINITY_DN10257_c0_g1_i1,2305.0
5798,TRINITY_DN15232_c0_g1_i1,2269.0
7610,TRINITY_DN166_c0_g1_i1,2249.0
131,TRINITY_DN10102_c0_g1_i1,2155.0
4108,TRINITY_DN135_c0_g1_i1,1926.0
6377,TRINITY_DN15706_c0_g1_i1,1847.0
1817,TRINITY_DN11533_c0_g1_i1,1782.0
200,TRINITY_DN1014_c0_g1_i1,1770.0
1310,TRINITY_DN110_c0_g1_i1,1706.0
653,TRINITY_DN10545_c0_g1_i1,1660.0
6728,TRINITY_DN15994_c0_g1_i1,1641.0
2578,TRINITY_DN12205_c0_g1_i1,1612.0
342,TRINITY_DN10279_c0_g1_i1,1553.0
1852,TRINITY_DN11566_c0_g1_i1,1518.0
2452,TRINITY_DN12091_c0_g1_i1,1517.0
100,TRINITY_DN10077_c0_g1_i1,1508.0
579,TRINITY_DN10471_c0_g1_i1,1463.0
6349,TRINITY_DN15687_c0_g1_i1,1390.0
3594,TRINITY_DN13098_c0_g1_i1,1338.0
11510,TRINITY_DN19_c0_g1_i1,1271.0
726,TRINITY_DN10610_c0_g1_i1,1265.0
500,TRINITY_DN103_c0_g1_i1,1232.0
1576,TRINITY_DN11338_c0_g1_i1,1210.0
3840,TRINITY_DN13338_c0_g1_i1,1199.0
6697,TRINITY_DN15972_c0_g1_i1,1180.0
1424,TRINITY_DN11204_c0_g1_i1,1174.0
3718,TRINITY_DN13216_c0_g1_i1,1086.0
1898,TRINITY_DN115_c0_g1_i1,1030.0
2246,TRINITY_DN11905_c0_g1_i1,1022.0
1445,TRINITY_DN11220_c0_g1_i1,1011.0
1419,TRINITY_DN111_c0_g1_i1,995.0
6698,TRINITY_DN15973_c0_g1_i1,989.0
821,TRINITY_DN106_c0_g1_i1,967.0
1892,TRINITY_DN11598_c0_g1_i1,941.0
9534,TRINITY_DN182_c0_g1_i1,931.0
830,TRINITY_DN10706_c0_g1_i1,920.0
696,TRINITY_DN10585_c0_g1_i1,901.0
6499,TRINITY_DN15809_c0_g1_i1,865.0
522,TRINITY_DN10418_c0_g1_i1,852.0
2420,TRINITY_DN12063_c0_g1_i1,845.0
6043,TRINITY_DN15438_c0_g1_i1,839.0
1129,TRINITY_DN10960_c0_g1_i1,824.0
4681,TRINITY_DN140_c0_g1_i1,816.0
6498,TRINITY_DN15808_c0_g1_i1,811.0
2910,TRINITY_DN124_c0_g1_i1,798.0
1659,TRINITY_DN11398_c0_g1_i1,777.0
3478,TRINITY_DN12995_c0_g1_i1,773.0
3890,TRINITY_DN13387_c0_g1_i1,748.0
61,TRINITY_DN10040_c0_g1_i1,726.0
2827,TRINITY_DN12416_c0_g1_i1,719.0
6834,TRINITY_DN16069_c0_g1_i1,709.0
6617,TRINITY_DN15903_c0_g1_i1,702.0
1516,TRINITY_DN11282_c0_g1_i1,686.0
1137,TRINITY_DN10969_c0_g1_i1,647.0
4228,TRINITY_DN136_c0_g1_i1,635.0
7108,TRINITY_DN16302_c0_g1_i1,630.0
258,TRINITY_DN101_c0_g1_i1,622.0
5947,TRINITY_DN15361_c0_g1_i1,616.0
5387,TRINITY_DN147_c0_g1_i1,607.0
3286,TRINITY_DN12811_c0_g1_i1,605.0
824,TRINITY_DN10700_c0_g1_i1,604.0
11055,TRINITY_DN195_c0_g1_i1,592.0
5314,TRINITY_DN14717_c0_g1_i1,568.0
2240,TRINITY_DN118_c0_g1_i1,564.0
608,TRINITY_DN104_c0_g1_i1,555.0
855,TRINITY_DN10730_c0_g1_i1,554.0
3374,TRINITY_DN128_c0_g1_i1,547.0
7726,TRINITY_DN167_c0_g1_i1,547.0
318,TRINITY_DN10256_c0_g1_i1,538.0
6109,TRINITY_DN15494_c0_g1_i1,525.0
3935,TRINITY_DN13431_c0_g1_i1,522.0
3456,TRINITY_DN12972_c0_g1_i1,508.0
5188,TRINITY_DN14583_c0_g1_i1,506.0
6737,TRINITY_DN15_c0_g1_i1,502.0
7237,TRINITY_DN16391_c0_g1_i1,495.0
7141,TRINITY_DN16332_c0_g1_i1,495.0
8600,TRINITY_DN174_c0_g1_i1,494.0
8968,TRINITY_DN177_c0_g1_i1,488.0
6757,TRINITY_DN16004_c0_g1_i1,486.0
2351,TRINITY_DN119_c0_g1_i1,486.0
6874,TRINITY_DN16100_c0_g1_i1,484.0
6821,TRINITY_DN16058_c0_g1_i1,472.0
10237,TRINITY_DN188_c0_g1_i1,472.0
6089,TRINITY_DN15476_c0_g1_i1,472.0
5849,TRINITY_DN15275_c0_g1_i1,471.0
1194,TRINITY_DN109_c0_g1_i1,460.0
9890,TRINITY_DN185_c0_g1_i1,455.0
2075,TRINITY_DN11740_c0_g1_i1,450.0
5931,TRINITY_DN15346_c0_g1_i1,444.0
11274,TRINITY_DN197_c0_g1_i1,443.0
4790,TRINITY_DN141_c0_g1_i2,426.0
1663,TRINITY_DN113_c0_g1_i1,426.0
160,TRINITY_DN10128_c0_g1_i1,419.0
5016,TRINITY_DN1441_c0_g1_i1,414.0
4349,TRINITY_DN137_c0_g1_i1,414.0
10587,TRINITY_DN1918_c0_g1_i1,402.0
7042,TRINITY_DN16242_c0_g1_i1,401.0
547,TRINITY_DN10441_c0_g1_i1,399.0
237,TRINITY_DN10180_c0_g1_i1,399.0
6052,TRINITY_DN15446_c0_g1_i1,397.0
2371,TRINITY_DN12016_c0_g1_i1,390.0
207,TRINITY_DN10156_c0_g1_i1,389.0
9343,TRINITY_DN1812_c0_g1_i1,384.0
441,TRINITY_DN10355_c0_g1_i1,372.0
744,TRINITY_DN10628_c0_g1_i1,368.0
1120,TRINITY_DN10952_c0_g1_i1,367.0
6460,TRINITY_DN15776_c0_g1_i1,366.0
7643,TRINITY_DN16728_c0_g1_i1,365.0
5886,TRINITY_DN15306_c0_g1_i1,362.0
5961,TRINITY_DN15374_c0_g1_i1,358.0
7068,TRINITY_DN16265_c0_g1_i1,350.0
7347,TRINITY_DN16475_c0_g1_i1,340.0
2007,TRINITY_DN116_c0_g1_i1,338.0
1163,TRINITY_DN10991_c0_g1_i1,337.0
7970,TRINITY_DN16983_c0_g1_i1,336.0
1471,TRINITY_DN11245_c0_g1_i1,335.0
2298,TRINITY_DN11950_c0_g1_i1,332.0
467,TRINITY_DN10369_c0_g1_i1,329.0
1544,TRINITY_DN11309_c0_g1_i1,324.0
8104,TRINITY_DN170_c0_g1_i1,318.0
931,TRINITY_DN107_c0_g1_i1,316.0
3889,TRINITY_DN13386_c0_g1_i1,314.0
3551,TRINITY_DN13059_c0_g1_i1,312.0
315,TRINITY_DN10253_c0_g1_i1,310.0
6578,TRINITY_DN15869_c0_g1_i1,302.0
5564,TRINITY_DN1499_c0_g1_i2,301.0
3638,TRINITY_DN1313_c0_g1_i1,300.0
6120,TRINITY_DN15502_c0_g1_i1,299.0
3045,TRINITY_DN1260_c0_g1_i1,293.0
1526,TRINITY_DN11290_c0_g1_i1,292.0
11164,TRINITY_DN196_c0_g1_i1,290.0
143,TRINITY_DN10111_c0_g1_i1,290.0
870,TRINITY_DN10744_c0_g1_i1,283.0
688,TRINITY_DN10578_c0_g1_i1,279.0
4522,TRINITY_DN1396_c0_g1_i1,278.0
8243,TRINITY_DN171_c0_g1_i1,277.0
6939,TRINITY_DN16157_c0_g1_i1,277.0
2572,TRINITY_DN121_c0_g1_i2,276.0
4094,TRINITY_DN1358_c0_g1_i1,275.0
1459,TRINITY_DN11234_c0_g1_i1,275.0
1410,TRINITY_DN11193_c0_g1_i1,273.0
786,TRINITY_DN10670_c0_g1_i1,273.0
761,TRINITY_DN10644_c0_g1_i1,271.0
3484,TRINITY_DN129_c0_g1_i1,270.0
2462,TRINITY_DN120_c0_g1_i1,265.0
6017,TRINITY_DN15414_c0_g1_i1,263.0
6922,TRINITY_DN16141_c0_g1_i1,262.0
714,TRINITY_DN10600_c0_g1_i1,260.0
1274,TRINITY_DN11069_c0_g1_i1,258.0
5565,TRINITY_DN149_c0_g1_i1,256.0
8522,TRINITY_DN1742_c0_g2_i1,253.0
6025,TRINITY_DN15420_c0_g1_i1,253.0
5298,TRINITY_DN146_c0_g1_i1,252.0
2268,TRINITY_DN11925_c0_g1_i1,250.0
5880,TRINITY_DN15300_c0_g1_i1,247.0
6483,TRINITY_DN15796_c0_g1_i1,247.0
8,TRINITY_DN10006_c0_g1_i1,245.0
6275,TRINITY_DN15623_c0_g1_i1,244.0
928,TRINITY_DN10798_c0_g1_i1,243.0
2668,TRINITY_DN12289_c0_g1_i1,243.0
2890,TRINITY_DN1247_c0_g1_i1,240.0
2093,TRINITY_DN1175_c0_g1_i1,240.0
929,TRINITY_DN10799_c0_g1_i1,239.0
425,TRINITY_DN10341_c0_g1_i1,238.0
729,TRINITY_DN10613_c0_g1_i1,238.0
4788,TRINITY_DN14199_c0_g1_i1,237.0
3481,TRINITY_DN12999_c0_g1_i1,237.0
10602,TRINITY_DN191_c0_g1_i1,236.0
499,TRINITY_DN10399_c0_g1_i1,229.0
6429,TRINITY_DN15750_c0_g1_i1,227.0
485,TRINITY_DN10388_c0_g1_i1,226.0
6087,TRINITY_DN15474_c0_g1_i1,223.0
202,TRINITY_DN10151_c0_g1_i1,223.0
77,TRINITY_DN10055_c0_g1_i1,222.0
716,TRINITY_DN10602_c0_g1_i1,221.0
8708,TRINITY_DN175_c0_g1_i1,220.0
273,TRINITY_DN10213_c0_g1_i1,219.0
98,TRINITY_DN10075_c0_g1_i1,219.0
9935,TRINITY_DN1863_c0_g1_i1,219.0
8362,TRINITY_DN172_c0_g1_i1,217.0
2395,TRINITY_DN12036_c0_g1_i1,216.0
6517,TRINITY_DN15826_c0_g1_i1,214.0
1303,TRINITY_DN11095_c0_g1_i1,212.0
3926,TRINITY_DN13422_c0_g1_i1,212.0
813,TRINITY_DN10694_c0_g1_i1,211.0
5835,TRINITY_DN15262_c0_g1_i1,210.0
3863,TRINITY_DN13360_c0_g1_i1,210.0
9276,TRINITY_DN1806_c0_g1_i1,210.0
6846,TRINITY_DN16080_c0_g1_i1,209.0
2875,TRINITY_DN12466_c0_g1_i1,207.0
598,TRINITY_DN1048_c0_g1_i1,205.0
3575,TRINITY_DN1307_c0_g1_i1,199.0
2281,TRINITY_DN11936_c0_g1_i1,198.0
1559,TRINITY_DN11321_c0_g1_i1,197.0
5923,TRINITY_DN15339_c0_g1_i1,197.0
631,TRINITY_DN10524_c0_g1_i1,197.0
2460,TRINITY_DN1209_c0_g1_i1,194.0
3061,TRINITY_DN12625_c0_g1_i1,194.0
621,TRINITY_DN10515_c0_g1_i1,194.0
6136,TRINITY_DN15513_c0_g1_i1,194.0
1422,TRINITY_DN11202_c0_g1_i1,193.0
1431,TRINITY_DN1120_c0_g1_i2,192.0
477,TRINITY_DN10378_c0_g1_i1,190.0
10939,TRINITY_DN194_c0_g1_i1,190.0
2331,TRINITY_DN11982_c0_g1_i1,190.0
5,TRINITY_DN10003_c0_g1_i1,190.0
673,TRINITY_DN10561_c0_g1_i1,189.0
125,TRINITY_DN10099_c0_g1_i1,189.0
3698,TRINITY_DN131_c0_g1_i2,188.0
869,TRINITY_DN10743_c0_g1_i1,188.0
362,TRINITY_DN10293_c0_g1_i1,188.0
5723,TRINITY_DN15177_c0_g1_i1,187.0
670,TRINITY_DN1055_c0_g1_i1,187.0
5815,TRINITY_DN15246_c0_g1_i1,187.0
151,TRINITY_DN1011_c0_g1_i1,186.0
5797,TRINITY_DN15231_c0_g1_i1,186.0
3485,TRINITY_DN12_c0_g1_i1,186.0
6376,TRINITY_DN15705_c0_g1_i1,184.0
7182,TRINITY_DN16361_c0_g1_i1,184.0
7630,TRINITY_DN16715_c0_g1_i1,184.0
866,TRINITY_DN10740_c0_g1_i1,180.0
8568,TRINITY_DN1746_c0_g1_i1,180.0
2442,TRINITY_DN12083_c0_g1_i1,180.0
5818,TRINITY_DN15249_c0_g1_i1,178.0
7449,TRINITY_DN16567_c0_g1_i1,178.0
3433,TRINITY_DN12950_c0_g1_i1,177.0
5683,TRINITY_DN15140_c0_g1_i1,177.0
1962,TRINITY_DN11659_c0_g1_i1,175.0
5342,TRINITY_DN1474_c0_g1_i1,175.0
440,TRINITY_DN10354_c0_g1_i1,174.0
5203,TRINITY_DN145_c0_g1_i1,173.0
814,TRINITY_DN10695_c0_g1_i1,172.0
850,TRINITY_DN10726_c0_g1_i1,172.0
2549,TRINITY_DN12178_c0_g1_i1,171.0
1336,TRINITY_DN11125_c0_g1_i1,171.0
7398,TRINITY_DN16519_c0_g1_i1,170.0
1014,TRINITY_DN10860_c0_g1_i1,168.0
194,TRINITY_DN10144_c0_g1_i1,167.0
83,TRINITY_DN10060_c0_g1_i1,166.0
596,TRINITY_DN10488_c0_g1_i1,165.0
5748,TRINITY_DN15198_c0_g1_i1,165.0
11641,TRINITY_DN200_c0_g1_i1,164.0
5051,TRINITY_DN1445_c0_g1_i1,164.0
6627,TRINITY_DN15912_c0_g1_i1,162.0
1018,TRINITY_DN10864_c0_g1_i1,161.0
3325,TRINITY_DN1284_c0_g1_i1,161.0
7580,TRINITY_DN16674_c0_g1_i1,160.0
5993,TRINITY_DN15395_c0_g1_i1,160.0
2385,TRINITY_DN1202_c0_g1_i1,158.0
6116,TRINITY_DN154_c0_g1_i1,154.0
7046,TRINITY_DN16246_c0_g1_i1,154.0
7153,TRINITY_DN16341_c0_g1_i1,154.0
7355,TRINITY_DN16484_c0_g1_i1,153.0
5716,TRINITY_DN15170_c0_g1_i1,153.0
3654,TRINITY_DN1315_c0_g1_i1,153.0
5881,TRINITY_DN15301_c0_g1_i1,150.0
2084,TRINITY_DN1174_c0_g1_i1,150.0
308,TRINITY_DN10246_c0_g1_i1,150.0
210,TRINITY_DN10159_c0_g1_i1,150.0
6497,TRINITY_DN15807_c0_g1_i1,149.0
6169,TRINITY_DN15540_c0_g1_i1,148.0
4726,TRINITY_DN14138_c0_g1_i1,148.0
6536,TRINITY_DN15845_c0_g1_i1,147.0
249,TRINITY_DN10194_c0_g1_i1,146.0
524,TRINITY_DN1041_c0_g1_i1,146.0
41,TRINITY_DN1002_c0_g1_i1,146.0
5813,TRINITY_DN15244_c0_g1_i1,145.0
1053,TRINITY_DN10897_c0_g1_i1,145.0
6170,TRINITY_DN15541_c0_g1_i1,144.0
764,TRINITY_DN10647_c0_g1_i1,144.0
5742,TRINITY_DN15192_c0_g1_i1,143.0
1215,TRINITY_DN11014_c0_g1_i1,143.0
5701,TRINITY_DN15157_c0_g1_i1,140.0
6361,TRINITY_DN15695_c0_g1_i1,140.0
7142,TRINITY_DN16333_c0_g1_i1,139.0
7027,TRINITY_DN16228_c0_g1_i1,138.0
196,TRINITY_DN10146_c0_g1_i1,138.0
864,TRINITY_DN10739_c0_g1_i1,138.0
920,TRINITY_DN10790_c0_g1_i1,138.0
1302,TRINITY_DN11094_c0_g1_i1,137.0
6865,TRINITY_DN16096_c0_g1_i1,137.0
6449,TRINITY_DN15767_c0_g1_i1,137.0
2090,TRINITY_DN11756_c0_g1_i1,137.0
6998,TRINITY_DN16204_c0_g1_i1,135.0
181,TRINITY_DN10132_c0_g1_i1,134.0
1540,TRINITY_DN11305_c0_g1_i1,134.0
6103,TRINITY_DN15489_c0_g1_i1,133.0
1532,TRINITY_DN11296_c0_g1_i1,133.0
7392,TRINITY_DN16512_c0_g1_i1,132.0
7870,TRINITY_DN16906_c0_g1_i1,132.0
5067,TRINITY_DN14476_c0_g1_i1,132.0
10868,TRINITY_DN1943_c0_g1_i1,132.0
4986,TRINITY_DN143_c0_g1_i1,131.0
5357,TRINITY_DN1476_c0_g1_i1,131.0
680,TRINITY_DN1056_c0_g1_i1,131.0
470,TRINITY_DN10370_c0_g1_i1,131.0
147,TRINITY_DN10115_c0_g1_i1,130.0
6872,TRINITY_DN160_c0_g1_i1,130.0
9592,TRINITY_DN1834_c0_g2_i1,129.0
4161,TRINITY_DN13645_c0_g1_i1,129.0
1464,TRINITY_DN11239_c0_g1_i1,129.0
6785,TRINITY_DN16028_c0_g1_i1,128.0
7729,TRINITY_DN16802_c0_g1_i1,127.0
1934,TRINITY_DN11634_c0_g1_i1,127.0
690,TRINITY_DN1057_c0_g1_i1,127.0
1386,TRINITY_DN11173_c0_g1_i1,127.0
1794,TRINITY_DN11520_c0_g1_i1,126.0
5992,TRINITY_DN15394_c0_g1_i1,126.0
7167,TRINITY_DN16352_c0_g1_i1,125.0
290,TRINITY_DN1022_c0_g1_i1,125.0
883,TRINITY_DN10759_c0_g1_i1,125.0
2932,TRINITY_DN1251_c0_g1_i1,125.0
43,TRINITY_DN10031_c0_g1_i1,124.0
6458,TRINITY_DN15774_c0_g1_i1,124.0
777,TRINITY_DN10660_c0_g1_i1,124.0
944,TRINITY_DN10813_c0_g1_i1,124.0
6002,TRINITY_DN15401_c0_g1_i1,123.0
749,TRINITY_DN10633_c0_g1_i1,123.0
1511,TRINITY_DN11278_c0_g1_i1,123.0
7569,TRINITY_DN16665_c0_g1_i1,123.0
1348,TRINITY_DN11136_c0_g1_i1,123.0
842,TRINITY_DN1071_c0_g1_i1,123.0
1321,TRINITY_DN11111_c0_g1_i1,122.0
1364,TRINITY_DN11151_c0_g1_i1,122.0
6005,TRINITY_DN15404_c0_g1_i1,121.0
5710,TRINITY_DN15164_c0_g1_i1,121.0
6803,TRINITY_DN16043_c0_g1_i1,121.0
393,TRINITY_DN10320_c0_g1_i1,120.0
6903,TRINITY_DN16124_c0_g1_i1,119.0
731,TRINITY_DN10615_c0_g1_i1,119.0
7829,TRINITY_DN16876_c0_g1_i1,119.0
3290,TRINITY_DN12816_c0_g1_i1,119.0
427,TRINITY_DN10344_c0_g1_i1,118.0
6971,TRINITY_DN16182_c0_g1_i1,117.0
293,TRINITY_DN10232_c0_g1_i1,117.0
2779,TRINITY_DN12384_c0_g1_i1,116.0
1347,TRINITY_DN11135_c0_g1_i1,116.0
5532,TRINITY_DN1495_c0_g1_i1,114.0
7135,TRINITY_DN16328_c0_g1_i1,114.0
787,TRINITY_DN10671_c0_g1_i1,114.0
7298,TRINITY_DN16434_c0_g1_i1,113.0
3238,TRINITY_DN1276_c0_g1_i1,113.0
6571,TRINITY_DN15862_c0_g1_i1,112.0
10824,TRINITY_DN193_c0_g1_i1,112.0
6799,TRINITY_DN1603_c0_g1_i1,111.0
7067,TRINITY_DN16264_c0_g1_i1,111.0
330,TRINITY_DN10268_c0_g1_i1,111.0
9197,TRINITY_DN17_c0_g1_i1,110.0
7117,TRINITY_DN16312_c0_g1_i1,110.0
2710,TRINITY_DN12320_c0_g1_i1,110.0
1365,TRINITY_DN11152_c0_g1_i1,109.0
555,TRINITY_DN10449_c0_g1_i1,109.0
6141,TRINITY_DN15518_c0_g1_i1,109.0
215,TRINITY_DN10161_c0_g1_i1,109.0
2080,TRINITY_DN11746_c0_g1_i1,108.0
1417,TRINITY_DN1119_c0_g1_i1,108.0
747,TRINITY_DN10631_c0_g1_i1,108.0
704,TRINITY_DN10592_c0_g1_i1,108.0
6604,TRINITY_DN15893_c0_g1_i1,108.0
78,TRINITY_DN10056_c0_g1_i1,107.0
6067,TRINITY_DN15459_c0_g1_i1,107.0
3426,TRINITY_DN1294_c0_g1_i1,107.0
3373,TRINITY_DN1289_c0_g1_i1,107.0
142,TRINITY_DN10110_c0_g1_i1,106.0
1494,TRINITY_DN11261_c0_g1_i1,106.0
6990,TRINITY_DN16198_c0_g1_i1,105.0
7301,TRINITY_DN16437_c0_g1_i1,105.0
10837,TRINITY_DN1940_c0_g1_i1,105.0
682,TRINITY_DN10571_c0_g1_i1,105.0
808,TRINITY_DN1068_c0_g1_i1,104.0
599,TRINITY_DN10490_c0_g1_i1,104.0
6778,TRINITY_DN16021_c0_g1_i1,104.0
1121,TRINITY_DN10953_c0_g1_i1,104.0
7126,TRINITY_DN16320_c0_g1_i1,104.0
479,TRINITY_DN1037_c0_g1_i1,103.0
1203,TRINITY_DN11003_c0_g1_i1,103.0
960,TRINITY_DN10828_c0_g1_i1,102.0
137,TRINITY_DN10108_c0_g1_i1,102.0
6012,TRINITY_DN1540_c0_g1_i1,101.0
2368,TRINITY_DN12013_c0_g1_i1,101.0
765,TRINITY_DN10648_c0_g1_i1,101.0
6665,TRINITY_DN15946_c0_g1_i1,100.0
11476,TRINITY_DN1996_c0_g1_i1,100.0
1098,TRINITY_DN10938_c0_g1_i1,100.0
3007,TRINITY_DN1257_c0_g1_i1,100.0
1078,TRINITY_DN1091_c0_g1_i1,100.0
1708,TRINITY_DN11438_c0_g1_i1,99.0
7319,TRINITY_DN16451_c0_g1_i1,99.0
492,TRINITY_DN10391_c0_g1_i1,99.0
9765,TRINITY_DN184_c0_g1_i1,98.0
360,TRINITY_DN10291_c0_g1_i1,98.0
775,TRINITY_DN10658_c0_g1_i1,98.0
7841,TRINITY_DN16885_c0_g1_i1,98.0
7072,TRINITY_DN16269_c0_g1_i1,98.0
5964,TRINITY_DN15378_c0_g1_i1,98.0
6915,TRINITY_DN16135_c0_g1_i1,97.0
1230,TRINITY_DN11026_c0_g1_i1,97.0
2363,TRINITY_DN12009_c0_g1_i1,96.0
664,TRINITY_DN10554_c0_g1_i1,96.0
5899,TRINITY_DN15318_c0_g1_i1,96.0
5685,TRINITY_DN15142_c0_g1_i1,96.0
6964,TRINITY_DN16177_c0_g1_i1,96.0
852,TRINITY_DN10729_c0_g1_i1,96.0
11141,TRINITY_DN1967_c0_g1_i1,96.0
1369,TRINITY_DN11157_c0_g1_i1,95.0
474,TRINITY_DN10375_c0_g1_i1,95.0
113,TRINITY_DN10088_c0_g1_i1,94.0
6333,TRINITY_DN15673_c0_g1_i1,94.0
5861,TRINITY_DN15285_c0_g1_i1,94.0
298,TRINITY_DN10237_c0_g1_i1,93.0
3011,TRINITY_DN12584_c0_g1_i1,93.0
5917,TRINITY_DN15334_c0_g1_i1,93.0
1314,TRINITY_DN11105_c0_g1_i1,93.0
7680,TRINITY_DN16759_c0_g1_i1,93.0
2955,TRINITY_DN1253_c0_g1_i1,92.0
785,TRINITY_DN1066_c0_g1_i1,92.0
2254,TRINITY_DN11912_c0_g1_i1,92.0
9048,TRINITY_DN1786_c0_g1_i1,91.0
7350,TRINITY_DN16479_c0_g1_i1,91.0
7769,TRINITY_DN16827_c0_g1_i1,90.0
1561,TRINITY_DN11323_c0_g1_i1,90.0
7865,TRINITY_DN16901_c0_g1_i1,90.0
756,TRINITY_DN1063_c0_g1_i1,90.0
745,TRINITY_DN1062_c0_g1_i1,90.0
1086,TRINITY_DN10927_c0_g1_i1,90.0
6733,TRINITY_DN15999_c0_g1_i1,89.0
6481,TRINITY_DN15794_c0_g1_i1,89.0
551,TRINITY_DN10445_c0_g1_i1,89.0
367,TRINITY_DN10298_c0_g1_i1,89.0
7162,TRINITY_DN1634_c0_g1_i1,88.0
6506,TRINITY_DN15815_c0_g1_i1,87.0
7114,TRINITY_DN16309_c0_g1_i1,87.0
7426,TRINITY_DN16545_c0_g1_i1,87.0
6789,TRINITY_DN16030_c0_g1_i1,86.0
8821,TRINITY_DN176_c0_g1_i1,86.0
7263,TRINITY_DN16412_c0_g1_i1,86.0
5919,TRINITY_DN15335_c0_g1_i1,85.0
2646,TRINITY_DN12267_c0_g1_i1,85.0
5887,TRINITY_DN15307_c0_g1_i1,85.0
5913,TRINITY_DN15330_c0_g1_i1,85.0
10758,TRINITY_DN1933_c0_g1_i1,85.0
1109,TRINITY_DN10946_c0_g1_i1,84.0
566,TRINITY_DN1045_c0_g1_i1,84.0
835,TRINITY_DN10710_c0_g1_i1,84.0
6245,TRINITY_DN155_c0_g1_i1,83.0
1839,TRINITY_DN11553_c0_g1_i1,82.0
1389,TRINITY_DN11176_c0_g1_i1,82.0
5950,TRINITY_DN15364_c0_g1_i1,82.0
6500,TRINITY_DN1580_c0_g1_i1,82.0
6797,TRINITY_DN16038_c0_g1_i1,81.0
7012,TRINITY_DN16215_c0_g1_i1,81.0
11642,TRINITY_DN200_c0_g1_i3,81.0
1653,TRINITY_DN11392_c0_g1_i1,80.0
5420,TRINITY_DN14832_c0_g1_i1,80.0
2951,TRINITY_DN12535_c0_g1_i1,80.0
300,TRINITY_DN10239_c0_g1_i1,80.0
37,TRINITY_DN10025_c0_g1_i1,80.0
105,TRINITY_DN10080_c0_g1_i1,79.0
6330,TRINITY_DN15670_c0_g1_i1,79.0
4186,TRINITY_DN1366_c0_g1_i1,79.0
1409,TRINITY_DN11192_c0_g1_i1,78.0
754,TRINITY_DN10638_c0_g1_i1,78.0
3168,TRINITY_DN1271_c0_g1_i1,78.0
1403,TRINITY_DN11189_c0_g1_i1,78.0
6825,TRINITY_DN16060_c0_g1_i1,77.0
1134,TRINITY_DN10966_c0_g1_i1,77.0
575,TRINITY_DN10468_c0_g1_i1,77.0
6763,TRINITY_DN1600_c0_g1_i1,77.0
3713,TRINITY_DN13210_c0_g1_i1,77.0
5840,TRINITY_DN15267_c0_g1_i1,77.0
3578,TRINITY_DN13082_c0_g1_i1,76.0
6807,TRINITY_DN16047_c0_g1_i1,76.0
7302,TRINITY_DN16438_c0_g1_i1,76.0
1748,TRINITY_DN11475_c0_g1_i1,76.0
473,TRINITY_DN10374_c0_g1_i1,76.0
6019,TRINITY_DN15416_c0_g1_i1,76.0
6257,TRINITY_DN15609_c0_g1_i1,76.0
799,TRINITY_DN10681_c0_g1_i1,76.0
465,TRINITY_DN10366_c0_g1_i1,75.0
6623,TRINITY_DN15909_c0_g1_i1,75.0
6514,TRINITY_DN15822_c0_g1_i1,75.0
1735,TRINITY_DN11463_c0_g1_i1,75.0
3211,TRINITY_DN12745_c0_g1_i1,75.0
2136,TRINITY_DN1179_c0_g1_i1,75.0
2669,TRINITY_DN1228_c0_g1_i1,75.0
23,TRINITY_DN10019_c0_g1_i1,74.0
5573,TRINITY_DN1500_c0_g1_i1,74.0
5877,TRINITY_DN1529_c0_g1_i1,74.0
102,TRINITY_DN10079_c0_g1_i1,73.0
6243,TRINITY_DN15599_c0_g1_i1,73.0
6576,TRINITY_DN15867_c0_g1_i1,73.0
2116,TRINITY_DN11780_c0_g1_i1,73.0
585,TRINITY_DN10477_c0_g1_i1,73.0
82,TRINITY_DN1005_c0_g1_i1,73.0
121,TRINITY_DN10095_c0_g1_i1,73.0
1056,TRINITY_DN1089_c0_g1_i1,72.0
6989,TRINITY_DN16197_c0_g1_i1,72.0
11039,TRINITY_DN1958_c0_g1_i1,72.0
556,TRINITY_DN1044_c0_g1_i1,72.0
1614,TRINITY_DN11364_c0_g1_i1,72.0
7004,TRINITY_DN16209_c0_g1_i1,72.0
154,TRINITY_DN10122_c0_g1_i1,72.0
420,TRINITY_DN10337_c0_g1_i1,71.0
6972,TRINITY_DN16183_c0_g1_i1,71.0
6932,TRINITY_DN16150_c0_g1_i1,71.0
5791,TRINITY_DN15227_c0_g1_i1,71.0
6434,TRINITY_DN15755_c0_g1_i1,71.0
6248,TRINITY_DN15600_c0_g1_i1,71.0
1523,TRINITY_DN11289_c0_g1_i1,71.0
588,TRINITY_DN1047_c0_g1_i1,71.0
741,TRINITY_DN10624_c0_g1_i1,71.0
792,TRINITY_DN10676_c0_g1_i1,71.0
5694,TRINITY_DN15150_c0_g1_i1,71.0
6609,TRINITY_DN15898_c0_g1_i1,70.0
5678,TRINITY_DN15136_c0_g1_i1,70.0
2733,TRINITY_DN1233_c0_g2_i1,70.0
3614,TRINITY_DN13116_c0_g1_i1,70.0
10143,TRINITY_DN1881_c0_g1_i1,70.0
6080,TRINITY_DN15468_c0_g1_i1,70.0
5777,TRINITY_DN15217_c0_g1_i1,69.0
5719,TRINITY_DN15173_c0_g1_i1,69.0
6331,TRINITY_DN15671_c0_g1_i1,69.0
7871,TRINITY_DN16907_c0_g1_i1,69.0
1084,TRINITY_DN10925_c0_g1_i1,69.0
2617,TRINITY_DN12240_c0_g1_i1,69.0
3159,TRINITY_DN1270_c0_g1_i1,68.0
5592,TRINITY_DN1503_c0_g1_i1,68.0
3356,TRINITY_DN12882_c0_g1_i1,68.0
6833,TRINITY_DN16068_c0_g1_i1,68.0
876,TRINITY_DN1074_c0_g1_i1,68.0
2252,TRINITY_DN11910_c0_g1_i1,68.0
5202,TRINITY_DN1459_c0_g1_i1,68.0
2294,TRINITY_DN11946_c0_g1_i1,68.0
5959,TRINITY_DN15372_c0_g1_i1,67.0
1442,TRINITY_DN1121_c0_g1_i1,67.0
414,TRINITY_DN10331_c0_g1_i1,67.0
7768,TRINITY_DN16826_c0_g1_i1,67.0
10118,TRINITY_DN187_c0_g1_i1,66.0
1206,TRINITY_DN11006_c0_g1_i1,66.0
4255,TRINITY_DN13724_c0_g1_i1,66.0
774,TRINITY_DN10657_c0_g1_i1,66.0
10968,TRINITY_DN1952_c0_g1_i1,66.0
1486,TRINITY_DN11253_c0_g1_i1,66.0
6688,TRINITY_DN15965_c0_g1_i1,66.0
1012,TRINITY_DN1085_c0_g1_i1,66.0
4,TRINITY_DN10002_c0_g1_i1,65.0
541,TRINITY_DN10436_c0_g1_i1,65.0
2335,TRINITY_DN11987_c0_g1_i1,64.0
2570,TRINITY_DN1219_c0_g1_i1,64.0
6042,TRINITY_DN15437_c0_g1_i1,64.0
6880,TRINITY_DN16105_c0_g1_i1,64.0
2186,TRINITY_DN11846_c0_g1_i1,64.0
7268,TRINITY_DN16415_c0_g1_i1,64.0
1658,TRINITY_DN11397_c0_g1_i1,64.0
1296,TRINITY_DN11089_c0_g1_i1,64.0
5842,TRINITY_DN15269_c0_g1_i1,63.0
7368,TRINITY_DN16495_c0_g1_i1,63.0
7318,TRINITY_DN16450_c0_g1_i1,63.0
1332,TRINITY_DN11121_c0_g1_i1,63.0
6130,TRINITY_DN1550_c0_g1_i1,63.0
7168,TRINITY_DN16353_c0_g1_i1,62.0
1441,TRINITY_DN11219_c0_g1_i1,62.0
6533,TRINITY_DN15841_c0_g1_i1,62.0
7394,TRINITY_DN16515_c0_g1_i1,62.0
3323,TRINITY_DN12848_c0_g1_i1,62.0
2389,TRINITY_DN12030_c0_g1_i1,62.0
1937,TRINITY_DN11637_c0_g1_i1,62.0
856,TRINITY_DN10731_c0_g1_i1,62.0
2903,TRINITY_DN12493_c0_g1_i1,62.0
193,TRINITY_DN10143_c0_g1_i1,62.0
95,TRINITY_DN10072_c0_g1_i1,61.0
5957,TRINITY_DN15370_c0_g1_i1,61.0
11206,TRINITY_DN1973_c0_g1_i1,61.0
6425,TRINITY_DN15746_c0_g1_i1,61.0
5576,TRINITY_DN15016_c0_g1_i1,61.0
1597,TRINITY_DN11356_c0_g1_i1,61.0
10462,TRINITY_DN1907_c0_g1_i1,61.0
8764,TRINITY_DN1764_c0_g1_i1,61.0
1667,TRINITY_DN11400_c0_g1_i1,60.0
7312,TRINITY_DN16447_c0_g1_i1,60.0
7605,TRINITY_DN16696_c0_g1_i1,60.0
132,TRINITY_DN10103_c0_g1_i1,60.0
5691,TRINITY_DN15148_c0_g1_i1,60.0
379,TRINITY_DN10308_c0_g1_i1,59.0
5162,TRINITY_DN14554_c0_g1_i1,59.0
333,TRINITY_DN10270_c0_g1_i1,59.0
5836,TRINITY_DN15263_c0_g1_i1,59.0
6112,TRINITY_DN15497_c0_g1_i1,59.0
8346,TRINITY_DN1728_c0_g1_i1,59.0
6946,TRINITY_DN16162_c0_g1_i1,59.0
7543,TRINITY_DN16643_c0_g1_i1,59.0
6563,TRINITY_DN15856_c0_g1_i1,59.0
954,TRINITY_DN10822_c0_g1_i1,59.0
91,TRINITY_DN1006_c0_g1_i1,58.0
2999,TRINITY_DN12572_c0_g1_i1,58.0
1286,TRINITY_DN1107_c0_g1_i1,58.0
1030,TRINITY_DN10875_c0_g1_i1,58.0
6472,TRINITY_DN15786_c0_g1_i1,58.0
779,TRINITY_DN10662_c0_g1_i1,58.0
6624,TRINITY_DN1590_c0_g1_i1,58.0
6628,TRINITY_DN15913_c0_g1_i1,57.0
159,TRINITY_DN10127_c0_g1_i1,57.0
6066,TRINITY_DN15458_c0_g1_i1,57.0
5743,TRINITY_DN15193_c0_g1_i1,57.0
5826,TRINITY_DN15255_c0_g1_i1,57.0
3090,TRINITY_DN12650_c0_g1_i1,57.0
5995,TRINITY_DN15398_c0_g1_i1,56.0
930,TRINITY_DN1079_c0_g1_i1,56.0
612,TRINITY_DN10505_c0_g1_i1,56.0
1402,TRINITY_DN11188_c0_g1_i1,56.0
109,TRINITY_DN10084_c0_g1_i1,56.0
7675,TRINITY_DN16754_c0_g1_i1,56.0
99,TRINITY_DN10076_c0_g1_i1,56.0
6013,TRINITY_DN15410_c0_g1_i1,55.0
7698,TRINITY_DN16774_c0_g1_i1,55.0
236,TRINITY_DN1017_c0_g1_i1,55.0
9425,TRINITY_DN181_c0_g1_i1,55.0
8452,TRINITY_DN1736_c0_g1_i1,55.0
5876,TRINITY_DN15299_c0_g1_i1,54.0
5741,TRINITY_DN15191_c0_g1_i1,54.0
5793,TRINITY_DN15229_c0_g1_i1,54.0
7718,TRINITY_DN16793_c0_g1_i1,54.0
7136,TRINITY_DN16329_c0_g1_i1,54.0
9970,TRINITY_DN1866_c0_g1_i1,54.0
544,TRINITY_DN10439_c0_g1_i1,54.0
1553,TRINITY_DN11316_c0_g1_i1,54.0
2415,TRINITY_DN12056_c0_g1_i1,54.0
72,TRINITY_DN10050_c0_g1_i1,53.0
2023,TRINITY_DN11713_c0_g1_i1,53.0
879,TRINITY_DN10753_c0_g1_i1,53.0
1834,TRINITY_DN11549_c0_g1_i1,53.0
2372,TRINITY_DN12017_c0_g1_i1,53.0
5824,TRINITY_DN15253_c0_g1_i1,53.0
7035,TRINITY_DN16236_c0_g1_i1,52.0
7038,TRINITY_DN16239_c0_g1_i1,52.0
322,TRINITY_DN1025_c0_g1_i1,52.0
875,TRINITY_DN10749_c0_g1_i1,52.0
2509,TRINITY_DN12141_c0_g1_i1,52.0
2182,TRINITY_DN11841_c0_g1_i1,52.0
7722,TRINITY_DN16797_c0_g1_i1,52.0
2966,TRINITY_DN12550_c0_g1_i1,52.0
805,TRINITY_DN10687_c0_g1_i1,52.0
2861,TRINITY_DN12450_c0_g1_i1,52.0
558,TRINITY_DN10450_c0_g1_i1,51.0
985,TRINITY_DN10837_c0_g1_i1,51.0
6866,TRINITY_DN16097_c0_g1_i1,51.0
1545,TRINITY_DN1130_c0_g1_i1,51.0
7714,TRINITY_DN1678_c0_g1_i1,51.0
693,TRINITY_DN10582_c0_g1_i1,51.0
7265,TRINITY_DN16413_c0_g1_i1,51.0
7548,TRINITY_DN16648_c0_g1_i1,50.0
1284,TRINITY_DN11078_c0_g1_i1,50.0
5994,TRINITY_DN15396_c0_g1_i1,50.0
1549,TRINITY_DN11312_c0_g1_i1,50.0
7504,TRINITY_DN16609_c0_g1_i1,50.0
7429,TRINITY_DN16549_c0_g1_i1,50.0
7342,TRINITY_DN16470_c0_g1_i1,50.0
3057,TRINITY_DN12620_c0_g1_i1,50.0
280,TRINITY_DN10220_c0_g1_i1,50.0
873,TRINITY_DN10747_c0_g1_i1,49.0
3636,TRINITY_DN13137_c0_g1_i1,49.0
737,TRINITY_DN10620_c0_g1_i1,49.0
218,TRINITY_DN10164_c0_g1_i1,49.0
643,TRINITY_DN10537_c0_g1_i1,49.0
1563,TRINITY_DN11325_c0_g1_i1,49.0
378,TRINITY_DN10307_c0_g1_i1,49.0
495,TRINITY_DN10395_c0_g1_i1,48.0
2870,TRINITY_DN1245_c0_g1_i1,48.0
1334,TRINITY_DN11123_c0_g1_i1,48.0
1470,TRINITY_DN11244_c0_g1_i1,48.0
443,TRINITY_DN10357_c0_g1_i1,48.0
2625,TRINITY_DN12248_c0_g1_i1,48.0
10687,TRINITY_DN1927_c0_g1_i1,48.0
5248,TRINITY_DN1464_c0_g1_i1,48.0
6450,TRINITY_DN15768_c0_g1_i1,48.0
389,TRINITY_DN10317_c0_g1_i1,48.0
6113,TRINITY_DN15498_c0_g1_i1,47.0
654,TRINITY_DN10547_c0_g1_i1,47.0
1040,TRINITY_DN10883_c0_g1_i1,47.0
2245,TRINITY_DN11904_c0_g1_i1,47.0
788,TRINITY_DN10672_c0_g1_i1,46.0
250,TRINITY_DN10195_c0_g1_i1,46.0
6889,TRINITY_DN16112_c0_g1_i1,46.0
899,TRINITY_DN10772_c0_g1_i1,46.0
421,TRINITY_DN10338_c0_g1_i1,46.0
6790,TRINITY_DN16031_c0_g1_i1,46.0
3598,TRINITY_DN130_c0_g1_i2,46.0
762,TRINITY_DN10645_c0_g1_i1,45.0
609,TRINITY_DN10502_c0_g1_i1,45.0
2012,TRINITY_DN11704_c0_g1_i1,45.0
7024,TRINITY_DN16225_c0_g1_i1,45.0
9532,TRINITY_DN1829_c0_g1_i1,45.0
594,TRINITY_DN10486_c0_g1_i1,45.0
1011,TRINITY_DN10859_c0_g1_i1,45.0
6075,TRINITY_DN15464_c0_g1_i1,45.0
7641,TRINITY_DN16726_c0_g1_i1,45.0
7549,TRINITY_DN16649_c0_g1_i1,45.0
7619,TRINITY_DN16706_c0_g1_i1,45.0
7877,TRINITY_DN16912_c0_g1_i1,45.0
2621,TRINITY_DN12244_c0_g1_i1,45.0
1017,TRINITY_DN10863_c0_g1_i1,45.0
2600,TRINITY_DN1222_c0_g1_i1,45.0
347,TRINITY_DN10280_c0_g1_i1,44.0
535,TRINITY_DN10430_c0_g1_i1,44.0
3779,TRINITY_DN1327_c0_g1_i1,44.0
1065,TRINITY_DN10907_c0_g1_i1,44.0
10801,TRINITY_DN1937_c0_g1_i1,44.0
1905,TRINITY_DN11605_c0_g1_i1,44.0
723,TRINITY_DN10609_c0_g1_i1,44.0
148,TRINITY_DN10116_c0_g1_i1,44.0
2907,TRINITY_DN12498_c0_g1_i1,43.0
7661,TRINITY_DN16742_c0_g1_i1,43.0
103,TRINITY_DN1007_c0_g1_i1,43.0
709,TRINITY_DN10597_c0_g1_i1,43.0
946,TRINITY_DN10815_c0_g1_i1,43.0
7525,TRINITY_DN16628_c0_g1_i1,43.0
1562,TRINITY_DN11324_c0_g1_i1,43.0
338,TRINITY_DN10275_c0_g1_i1,43.0
4804,TRINITY_DN14214_c0_g1_i1,43.0
50,TRINITY_DN1003_c0_g1_i1,43.0
5991,TRINITY_DN15393_c0_g1_i1,42.0
6155,TRINITY_DN15532_c0_g1_i1,42.0
1042,TRINITY_DN10885_c0_g1_i1,42.0
6181,TRINITY_DN15551_c0_g1_i1,42.0
1170,TRINITY_DN10998_c0_g1_i1,42.0
5856,TRINITY_DN15280_c0_g1_i1,42.0
6138,TRINITY_DN15515_c0_g1_i1,42.0
1044,TRINITY_DN10887_c0_g1_i1,42.0
6886,TRINITY_DN1610_c0_g2_i1,42.0
548,TRINITY_DN10442_c0_g1_i1,41.0
1991,TRINITY_DN11687_c0_g1_i1,41.0
3344,TRINITY_DN1286_c0_g1_i1,41.0
6117,TRINITY_DN154_c0_g1_i2,41.0
7082,TRINITY_DN16278_c0_g1_i1,41.0
329,TRINITY_DN10267_c0_g1_i1,41.0
5421,TRINITY_DN14833_c0_g1_i1,41.0
363,TRINITY_DN10294_c0_g1_i1,41.0
1064,TRINITY_DN10906_c0_g1_i1,41.0
1201,TRINITY_DN11001_c0_g1_i1,40.0
7452,TRINITY_DN1656_c0_g1_i1,40.0
6827,TRINITY_DN16062_c0_g1_i1,40.0
656,TRINITY_DN10549_c0_g1_i1,40.0
313,TRINITY_DN10251_c0_g1_i1,40.0
4260,TRINITY_DN1372_c0_g1_i1,40.0
371,TRINITY_DN102_c0_g1_i2,40.0
2774,TRINITY_DN12379_c0_g1_i1,40.0
6182,TRINITY_DN15552_c0_g1_i1,39.0
6930,TRINITY_DN16149_c0_g1_i1,39.0
364,TRINITY_DN10295_c0_g1_i1,39.0
1337,TRINITY_DN11126_c0_g1_i1,39.0
758,TRINITY_DN10641_c0_g1_i1,39.0
1327,TRINITY_DN11118_c0_g1_i1,39.0
748,TRINITY_DN10632_c0_g1_i1,39.0
1147,TRINITY_DN10978_c0_g1_i1,39.0
7905,TRINITY_DN16935_c0_g1_i1,38.0
942,TRINITY_DN1080_c0_g1_i1,38.0
7270,TRINITY_DN16417_c0_g1_i1,38.0
6234,TRINITY_DN1558_c0_g1_i1,38.0
3154,TRINITY_DN12705_c0_g1_i1,38.0
5997,TRINITY_DN1539_c0_g1_i1,38.0
224,TRINITY_DN1016_c0_g1_i1,38.0
10364,TRINITY_DN1899_c0_g1_i1,38.0
1135,TRINITY_DN10967_c0_g1_i1,38.0
6682,TRINITY_DN1595_c0_g1_i1,37.0
332,TRINITY_DN1026_c0_g1_i1,37.0
642,TRINITY_DN10536_c0_g1_i1,37.0
782,TRINITY_DN10667_c0_g1_i1,37.0
1122,TRINITY_DN10954_c0_g1_i1,37.0
6064,TRINITY_DN15456_c0_g1_i1,37.0
7425,TRINITY_DN16544_c0_g1_i1,37.0
5709,TRINITY_DN15163_c0_g1_i1,37.0
6436,TRINITY_DN15757_c0_g1_i1,37.0
46,TRINITY_DN10034_c0_g1_i1,37.0
1233,TRINITY_DN11029_c0_g1_i1,36.0
841,TRINITY_DN10719_c0_g1_i1,36.0
133,TRINITY_DN10104_c0_g1_i1,36.0
1229,TRINITY_DN11025_c0_g1_i1,36.0
2970,TRINITY_DN12554_c0_g1_i1,36.0
4520,TRINITY_DN13968_c0_g1_i1,36.0
7007,TRINITY_DN16211_c0_g1_i1,36.0
1353,TRINITY_DN11140_c0_g1_i1,36.0
1465,TRINITY_DN1123_c0_g1_i1,36.0
7526,TRINITY_DN16629_c0_g1_i1,36.0
1049,TRINITY_DN10890_c0_g1_i1,36.0
2713,TRINITY_DN12324_c0_g1_i1,36.0
878,TRINITY_DN10752_c0_g1_i1,35.0
4793,TRINITY_DN14200_c0_g1_i1,35.0
882,TRINITY_DN10757_c0_g1_i1,35.0
343,TRINITY_DN1027_c0_g1_i1,35.0
382,TRINITY_DN10310_c0_g1_i1,35.0
4918,TRINITY_DN1432_c0_g1_i1,35.0
4633,TRINITY_DN14052_c0_g1_i1,35.0
2556,TRINITY_DN12185_c0_g1_i1,35.0
7188,TRINITY_DN16366_c0_g1_i1,35.0
7505,TRINITY_DN1660_c0_g1_i1,35.0
518,TRINITY_DN10414_c0_g1_i1,35.0
6423,TRINITY_DN15744_c0_g1_i1,35.0
5906,TRINITY_DN15323_c0_g1_i1,35.0
7724,TRINITY_DN16799_c0_g1_i1,35.0
978,TRINITY_DN10830_c0_g1_i1,35.0
5354,TRINITY_DN14766_c0_g1_i1,34.0
6123,TRINITY_DN15505_c0_g1_i1,34.0
2076,TRINITY_DN11741_c0_g1_i1,34.0
8508,TRINITY_DN1741_c0_g1_i1,34.0
6463,TRINITY_DN15779_c0_g1_i1,34.0
6600,TRINITY_DN15889_c0_g1_i1,34.0
1380,TRINITY_DN11168_c0_g1_i1,34.0
6453,TRINITY_DN1576_c0_g1_i1,34.0
6457,TRINITY_DN15773_c0_g1_i1,34.0
1487,TRINITY_DN11254_c0_g1_i1,34.0
1566,TRINITY_DN11328_c0_g1_i1,34.0
1438,TRINITY_DN11216_c0_g1_i1,34.0
7156,TRINITY_DN16344_c0_g1_i1,34.0
561,TRINITY_DN10453_c0_g1_i1,33.0
251,TRINITY_DN10196_c0_g1_i1,33.0
478,TRINITY_DN10379_c0_g1_i1,33.0
294,TRINITY_DN10233_c0_g1_i1,33.0
1458,TRINITY_DN11233_c0_g1_i1,33.0
1103,TRINITY_DN10940_c0_g1_i1,33.0
1082,TRINITY_DN10923_c0_g1_i1,33.0
4433,TRINITY_DN13885_c0_g1_i1,33.0
2653,TRINITY_DN12276_c0_g1_i1,33.0
3771,TRINITY_DN13271_c0_g1_i1,33.0
5778,TRINITY_DN15218_c0_g1_i1,33.0
7128,TRINITY_DN16322_c0_g1_i1,33.0
1770,TRINITY_DN1149_c0_g1_i1,33.0
2665,TRINITY_DN12286_c0_g1_i1,32.0
359,TRINITY_DN10290_c0_g1_i1,32.0
5077,TRINITY_DN14481_c0_g1_i1,32.0
717,TRINITY_DN10603_c0_g1_i1,32.0
5879,TRINITY_DN152_c0_g1_i2,32.0
2176,TRINITY_DN11834_c0_g1_i1,32.0
7457,TRINITY_DN16574_c0_g1_i1,32.0
1889,TRINITY_DN11595_c0_g1_i1,32.0
697,TRINITY_DN10586_c0_g1_i1,32.0
6356,TRINITY_DN15691_c0_g1_i1,32.0
1569,TRINITY_DN11330_c0_g1_i1,32.0
6900,TRINITY_DN16121_c0_g1_i1,32.0
1061,TRINITY_DN10903_c0_g1_i1,32.0
992,TRINITY_DN10841_c0_g1_i1,32.0
1118,TRINITY_DN10950_c0_g1_i1,32.0
1489,TRINITY_DN11256_c0_g1_i1,32.0
7869,TRINITY_DN16905_c0_g1_i1,32.0
686,TRINITY_DN10576_c0_g1_i1,32.0
5693,TRINITY_DN1514_c0_g1_i1,32.0
397,TRINITY_DN10324_c0_g1_i1,31.0
3717,TRINITY_DN13214_c0_g1_i1,31.0
487,TRINITY_DN1038_c0_g1_i1,31.0
1239,TRINITY_DN11033_c0_g1_i1,31.0
5080,TRINITY_DN14484_c0_g1_i1,31.0
595,TRINITY_DN10487_c0_g1_i1,31.0
628,TRINITY_DN10521_c0_g1_i1,31.0
6692,TRINITY_DN15969_c0_g1_i1,31.0
3491,TRINITY_DN13006_c0_g1_i1,31.0
7225,TRINITY_DN16382_c0_g1_i1,31.0
1745,TRINITY_DN11472_c0_g1_i1,31.0
2627,TRINITY_DN1224_c0_g1_i1,31.0
7951,TRINITY_DN16978_c0_g1_i1,31.0
5999,TRINITY_DN153_c0_g1_i1,31.0
889,TRINITY_DN10763_c0_g1_i1,31.0
2382,TRINITY_DN12026_c0_g1_i1,31.0
3570,TRINITY_DN13075_c0_g1_i1,31.0
959,TRINITY_DN10827_c0_g1_i1,31.0
3172,TRINITY_DN12723_c0_g1_i1,30.0
462,TRINITY_DN10363_c0_g1_i1,30.0
1395,TRINITY_DN11181_c0_g1_i1,30.0
759,TRINITY_DN10642_c0_g1_i1,30.0
6374,TRINITY_DN15703_c0_g1_i1,30.0
932,TRINITY_DN107_c0_g1_i2,30.0
994,TRINITY_DN10843_c0_g1_i1,30.0
3358,TRINITY_DN12884_c0_g1_i1,30.0
6953,TRINITY_DN16168_c0_g1_i1,30.0
1242,TRINITY_DN11036_c0_g1_i1,30.0
1322,TRINITY_DN11112_c0_g1_i1,30.0
4010,TRINITY_DN1350_c0_g1_i1,30.0
48,TRINITY_DN10037_c0_g1_i1,30.0
1710,TRINITY_DN1143_c0_g1_i1,30.0
7410,TRINITY_DN16529_c0_g1_i1,30.0
259,TRINITY_DN10200_c0_g1_i1,30.0
268,TRINITY_DN1020_c0_g1_i1,30.0
374,TRINITY_DN10303_c0_g1_i1,30.0
10330,TRINITY_DN1896_c0_g1_i1,30.0
271,TRINITY_DN10211_c0_g1_i1,29.0
5838,TRINITY_DN15265_c0_g1_i1,29.0
4423,TRINITY_DN13873_c0_g1_i1,29.0
519,TRINITY_DN10415_c0_g1_i1,29.0
288,TRINITY_DN10228_c0_g1_i1,29.0
6575,TRINITY_DN15866_c0_g1_i1,29.0
1015,TRINITY_DN10861_c0_g1_i1,29.0
7771,TRINITY_DN16829_c0_g1_i1,29.0
836,TRINITY_DN10712_c0_g1_i1,29.0
1085,TRINITY_DN10926_c0_g1_i1,29.0
3977,TRINITY_DN13478_c0_g1_i1,29.0
510,TRINITY_DN10407_c0_g1_i1,29.0
503,TRINITY_DN10400_c0_g1_i1,29.0
955,TRINITY_DN10823_c0_g1_i1,29.0
6732,TRINITY_DN15998_c0_g1_i1,29.0
6233,TRINITY_DN15589_c0_g1_i1,29.0
9321,TRINITY_DN1810_c0_g1_i1,28.0
657,TRINITY_DN1054_c0_g1_i1,28.0
593,TRINITY_DN10484_c0_g1_i1,28.0
11578,TRINITY_DN2004_c0_g1_i1,28.0
7767,TRINITY_DN16825_c0_g1_i1,28.0
320,TRINITY_DN10258_c0_g1_i1,28.0
3443,TRINITY_DN1295_c0_g2_i1,28.0
6779,TRINITY_DN16022_c0_g1_i1,28.0
7447,TRINITY_DN16564_c0_g1_i1,28.0
6187,TRINITY_DN15557_c0_g1_i1,28.0
1260,TRINITY_DN11054_c0_g1_i1,27.0
254,TRINITY_DN10199_c0_g1_i1,27.0
5827,TRINITY_DN15257_c0_g1_i1,27.0
6830,TRINITY_DN16065_c0_g1_i1,27.0
2896,TRINITY_DN12486_c0_g1_i1,27.0
1455,TRINITY_DN11230_c0_g1_i1,27.0
1092,TRINITY_DN10931_c0_g1_i1,27.0
5972,TRINITY_DN15384_c0_g1_i1,27.0
1510,TRINITY_DN11277_c0_g1_i1,27.0
1543,TRINITY_DN11308_c0_g1_i1,27.0
2148,TRINITY_DN1180_c0_g1_i1,27.0
2282,TRINITY_DN11937_c0_g1_i1,27.0
7025,TRINITY_DN16226_c0_g1_i1,27.0
6098,TRINITY_DN15484_c0_g1_i1,27.0
715,TRINITY_DN10601_c0_g1_i1,27.0
312,TRINITY_DN10250_c0_g1_i1,27.0
117,TRINITY_DN10090_c0_g1_i1,26.0
1264,TRINITY_DN1105_c0_g1_i1,26.0
1387,TRINITY_DN11174_c0_g1_i1,26.0
6769,TRINITY_DN16015_c0_g1_i1,26.0
751,TRINITY_DN10635_c0_g1_i1,26.0
724,TRINITY_DN1060_c0_g1_i1,26.0
1050,TRINITY_DN10894_c0_g1_i1,26.0
2968,TRINITY_DN12552_c0_g1_i1,26.0
3008,TRINITY_DN12580_c0_g1_i1,26.0
5766,TRINITY_DN15209_c0_g1_i1,26.0
5796,TRINITY_DN15230_c0_g1_i1,26.0
9309,TRINITY_DN1809_c0_g1_i1,26.0
2020,TRINITY_DN11710_c0_g1_i1,26.0
4252,TRINITY_DN13721_c0_g1_i1,26.0
426,TRINITY_DN10342_c0_g1_i1,25.0
2253,TRINITY_DN11911_c0_g1_i1,25.0
1276,TRINITY_DN11070_c0_g1_i1,25.0
7949,TRINITY_DN16975_c0_g1_i1,25.0
2768,TRINITY_DN12372_c0_g1_i1,25.0
1294,TRINITY_DN11087_c0_g1_i1,25.0
35,TRINITY_DN10023_c0_g1_i1,25.0
2200,TRINITY_DN11861_c0_g1_i1,25.0
6902,TRINITY_DN16123_c0_g1_i1,25.0
639,TRINITY_DN10532_c0_g1_i1,24.0
459,TRINITY_DN10360_c0_g1_i1,24.0
11407,TRINITY_DN1990_c0_g1_i1,24.0
1819,TRINITY_DN11535_c0_g1_i1,24.0
1568,TRINITY_DN1132_c0_g1_i1,24.0
2511,TRINITY_DN12144_c0_g1_i1,24.0
5860,TRINITY_DN15284_c0_g1_i1,24.0
1277,TRINITY_DN11071_c0_g1_i1,24.0
1271,TRINITY_DN11066_c0_g1_i1,24.0
3552,TRINITY_DN1305_c0_g1_i1,24.0
901,TRINITY_DN10774_c0_g1_i1,24.0
4839,TRINITY_DN14251_c0_g1_i1,24.0
1217,TRINITY_DN11016_c0_g1_i1,24.0
2109,TRINITY_DN11773_c0_g1_i1,24.0
896,TRINITY_DN1076_c0_g1_i1,24.0
3563,TRINITY_DN13068_c0_g1_i1,23.0
987,TRINITY_DN10839_c0_g1_i1,23.0
769,TRINITY_DN10652_c0_g1_i1,23.0
705,TRINITY_DN10593_c0_g1_i1,23.0
6099,TRINITY_DN15485_c0_g1_i1,23.0
6104,TRINITY_DN1548_c0_g1_i1,23.0
6851,TRINITY_DN16084_c0_g1_i1,23.0
1316,TRINITY_DN11107_c0_g1_i1,23.0
3413,TRINITY_DN12937_c0_g1_i1,23.0
1625,TRINITY_DN11374_c0_g1_i1,23.0
1226,TRINITY_DN11022_c0_g1_i1,23.0
6426,TRINITY_DN15748_c0_g1_i1,23.0
385,TRINITY_DN10313_c0_g1_i1,23.0
5790,TRINITY_DN15226_c0_g1_i1,23.0
3559,TRINITY_DN13064_c0_g1_i1,23.0
2898,TRINITY_DN12488_c0_g1_i1,23.0
3040,TRINITY_DN12605_c0_g1_i1,23.0
7704,TRINITY_DN1677_c0_g1_i1,22.0
71,TRINITY_DN1004_c0_g1_i1,22.0
2289,TRINITY_DN11941_c0_g1_i1,22.0
5834,TRINITY_DN15261_c0_g1_i2,22.0
24,TRINITY_DN1001_c0_g1_i1,22.0
2362,TRINITY_DN12007_c0_g1_i1,22.0
2465,TRINITY_DN12102_c0_g1_i1,22.0
6649,TRINITY_DN15931_c0_g1_i1,22.0
1521,TRINITY_DN11287_c0_g1_i1,22.0
7850,TRINITY_DN16893_c0_g1_i1,22.0
689,TRINITY_DN10579_c0_g1_i1,22.0
1463,TRINITY_DN11238_c0_g1_i1,22.0
909,TRINITY_DN10782_c0_g1_i1,22.0
1738,TRINITY_DN11466_c0_g1_i1,22.0
1765,TRINITY_DN11493_c0_g1_i1,22.0
6040,TRINITY_DN15435_c0_g1_i1,22.0
1370,TRINITY_DN11158_c0_g1_i1,22.0
1169,TRINITY_DN10997_c0_g1_i1,22.0
3539,TRINITY_DN13047_c0_g1_i1,22.0
5786,TRINITY_DN15223_c0_g1_i1,21.0
1205,TRINITY_DN11005_c0_g1_i1,21.0
3105,TRINITY_DN12666_c0_g1_i1,21.0
1283,TRINITY_DN11077_c0_g1_i1,21.0
1488,TRINITY_DN11255_c0_g1_i1,21.0
1554,TRINITY_DN11318_c0_g1_i1,21.0
1547,TRINITY_DN11310_c0_g1_i1,21.0
1528,TRINITY_DN11292_c0_g1_i1,21.0
5851,TRINITY_DN15277_c0_g1_i1,21.0
1027,TRINITY_DN10872_c0_g1_i1,21.0
898,TRINITY_DN10771_c0_g1_i1,21.0
4600,TRINITY_DN14023_c0_g1_i1,21.0
227,TRINITY_DN10171_c0_g1_i2,21.0
1041,TRINITY_DN10884_c0_g1_i1,21.0
2103,TRINITY_DN11769_c0_g1_i1,21.0
1081,TRINITY_DN10922_c0_g1_i1,21.0
1372,TRINITY_DN1115_c0_g1_i1,21.0
5935,TRINITY_DN15350_c0_g1_i1,21.0
5726,TRINITY_DN1517_c0_g1_i1,21.0
7254,TRINITY_DN16404_c0_g1_i1,21.0
10201,TRINITY_DN1886_c0_g1_i1,20.0
2850,TRINITY_DN12441_c0_g1_i1,20.0
390,TRINITY_DN10318_c0_g1_i1,20.0
1257,TRINITY_DN11051_c0_g1_i1,20.0
6140,TRINITY_DN15517_c0_g1_i1,20.0
2565,TRINITY_DN12193_c0_g1_i1,20.0
1013,TRINITY_DN1085_c0_g2_i1,20.0
1055,TRINITY_DN10899_c0_g1_i1,20.0
6403,TRINITY_DN15729_c0_g1_i1,20.0
1428,TRINITY_DN11208_c0_g1_i1,20.0
7438,TRINITY_DN16557_c0_g1_i1,20.0
2052,TRINITY_DN11738_c0_g1_i1,20.0
7980,TRINITY_DN16993_c0_g1_i1,20.0
2596,TRINITY_DN12226_c0_g1_i1,20.0
2594,TRINITY_DN12223_c0_g1_i1,20.0
1502,TRINITY_DN11269_c0_g1_i1,20.0
1351,TRINITY_DN11139_c0_g1_i1,20.0
8006,TRINITY_DN17010_c0_g1_i1,20.0
650,TRINITY_DN10542_c0_g1_i1,20.0
605,TRINITY_DN10497_c0_g1_i1,20.0
7616,TRINITY_DN16703_c0_g1_i1,19.0
373,TRINITY_DN10302_c0_g1_i1,19.0
4401,TRINITY_DN13852_c0_g1_i1,19.0
720,TRINITY_DN10606_c0_g1_i1,19.0
699,TRINITY_DN10588_c0_g1_i1,19.0
5843,TRINITY_DN1526_c0_g1_i1,19.0
7985,TRINITY_DN16998_c0_g1_i1,19.0
2661,TRINITY_DN12282_c0_g1_i1,19.0
4096,TRINITY_DN13590_c0_g1_i1,19.0
589,TRINITY_DN10480_c0_g1_i1,19.0
912,TRINITY_DN10786_c0_g1_i1,19.0
7033,TRINITY_DN16234_c0_g1_i1,19.0
2516,TRINITY_DN12149_c0_g1_i1,19.0
2110,TRINITY_DN11774_c0_g1_i1,19.0
3253,TRINITY_DN12785_c0_g1_i1,19.0
816,TRINITY_DN10698_c0_g1_i1,19.0
1278,TRINITY_DN11072_c0_g1_i1,19.0
9546,TRINITY_DN1830_c0_g1_i1,19.0
383,TRINITY_DN10311_c0_g1_i1,19.0
1507,TRINITY_DN11274_c0_g1_i1,19.0
7849,TRINITY_DN16892_c0_g1_i1,19.0
3442,TRINITY_DN1295_c0_g1_i1,19.0
1300,TRINITY_DN11092_c0_g1_i1,19.0
1282,TRINITY_DN11076_c0_g1_i1,19.0
708,TRINITY_DN10596_c0_g1_i1,18.0
223,TRINITY_DN10169_c0_g1_i1,18.0
5857,TRINITY_DN15281_c0_g1_i1,18.0
8698,TRINITY_DN1758_c0_g1_i1,18.0
10,TRINITY_DN10008_c0_g1_i1,18.0
4398,TRINITY_DN1384_c0_g1_i1,18.0
7534,TRINITY_DN16636_c0_g1_i1,18.0
7600,TRINITY_DN16691_c0_g1_i1,18.0
1159,TRINITY_DN1098_c0_g1_i1,18.0
1340,TRINITY_DN11129_c0_g1_i1,18.0
1200,TRINITY_DN11000_c0_g1_i1,18.0
2167,TRINITY_DN11826_c0_g1_i1,18.0
1023,TRINITY_DN10869_c0_g1_i1,18.0
6020,TRINITY_DN15417_c0_g1_i1,18.0
2533,TRINITY_DN12163_c0_g1_i1,18.0
2546,TRINITY_DN12175_c0_g1_i1,18.0
1824,TRINITY_DN1153_c0_g1_i1,18.0
2971,TRINITY_DN12555_c0_g1_i1,18.0
3448,TRINITY_DN12965_c0_g1_i1,18.0
6464,TRINITY_DN1577_c0_g1_i1,18.0
6535,TRINITY_DN15843_c0_g1_i1,18.0
6714,TRINITY_DN15984_c0_g1_i1,18.0
123,TRINITY_DN10097_c0_g1_i1,18.0
4072,TRINITY_DN13569_c0_g1_i1,18.0
39,TRINITY_DN10028_c0_g1_i1,17.0
615,TRINITY_DN10509_c0_g1_i1,17.0
7613,TRINITY_DN16700_c0_g1_i1,17.0
7144,TRINITY_DN16335_c0_g1_i1,17.0
592,TRINITY_DN10483_c0_g1_i1,17.0
7881,TRINITY_DN16916_c0_g1_i1,17.0
678,TRINITY_DN10568_c0_g1_i1,17.0
840,TRINITY_DN10718_c0_g1_i1,17.0
7066,TRINITY_DN16263_c0_g1_i1,17.0
7515,TRINITY_DN16619_c0_g1_i1,17.0
15,TRINITY_DN10011_c0_g1_i1,17.0
93,TRINITY_DN10070_c0_g1_i1,17.0
466,TRINITY_DN10367_c0_g1_i1,17.0
1338,TRINITY_DN11127_c0_g1_i1,17.0
1202,TRINITY_DN11002_c0_g1_i1,17.0
961,TRINITY_DN10829_c0_g1_i1,17.0
1836,TRINITY_DN11550_c0_g1_i1,17.0
739,TRINITY_DN10622_c0_g1_i1,17.0
806,TRINITY_DN10688_c0_g1_i1,17.0
2790,TRINITY_DN12396_c0_g1_i1,17.0
7885,TRINITY_DN1691_c0_g1_i1,17.0
1634,TRINITY_DN11384_c0_g1_i1,17.0
1474,TRINITY_DN11248_c0_g1_i1,17.0
728,TRINITY_DN10612_c0_g1_i1,17.0
7242,TRINITY_DN16395_c0_g1_i1,17.0
722,TRINITY_DN10608_c0_g1_i1,17.0
1029,TRINITY_DN10874_c0_g1_i1,16.0
1374,TRINITY_DN11162_c0_g1_i1,16.0
1392,TRINITY_DN11179_c0_g1_i1,16.0
681,TRINITY_DN10570_c0_g1_i1,16.0
1797,TRINITY_DN11523_c0_g1_i1,16.0
890,TRINITY_DN10764_c0_g1_i1,16.0
1378,TRINITY_DN11166_c0_g1_i1,16.0
7499,TRINITY_DN16604_c0_g1_i1,16.0
7802,TRINITY_DN16852_c0_g1_i1,16.0
815,TRINITY_DN10696_c0_g1_i1,16.0
3657,TRINITY_DN13161_c0_g1_i1,16.0
1220,TRINITY_DN11019_c0_g1_i1,16.0
1123,TRINITY_DN10955_c0_g1_i1,16.0
1514,TRINITY_DN11280_c0_g1_i1,16.0
3322,TRINITY_DN12847_c0_g1_i1,16.0
2780,TRINITY_DN12385_c0_g1_i1,16.0
2940,TRINITY_DN12526_c0_g1_i1,16.0
2624,TRINITY_DN12247_c0_g1_i1,16.0
1313,TRINITY_DN11103_c0_g1_i1,16.0
6207,TRINITY_DN15573_c0_g1_i1,16.0
6188,TRINITY_DN15558_c0_g1_i1,16.0
1228,TRINITY_DN11024_c0_g1_i1,16.0
7271,TRINITY_DN16418_c0_g1_i1,16.0
424,TRINITY_DN10340_c0_g1_i1,16.0
3963,TRINITY_DN1345_c0_g1_i1,16.0
80,TRINITY_DN10058_c0_g1_i1,16.0
9865,TRINITY_DN1857_c0_g1_i1,16.0
10180,TRINITY_DN1884_c0_g1_i1,15.0
6521,TRINITY_DN1582_c0_g1_i1,15.0
3732,TRINITY_DN13232_c0_g1_i1,15.0
6186,TRINITY_DN15556_c0_g1_i1,15.0
281,TRINITY_DN10221_c0_g1_i1,15.0
3831,TRINITY_DN13329_c0_g1_i1,15.0
192,TRINITY_DN10142_c0_g1_i1,15.0
252,TRINITY_DN10197_c0_g1_i1,15.0
7434,TRINITY_DN16553_c0_g1_i1,15.0
1461,TRINITY_DN11236_c0_g1_i1,15.0
7384,TRINITY_DN16505_c0_g1_i1,15.0
7299,TRINITY_DN16435_c0_g1_i1,15.0
3582,TRINITY_DN13086_c0_g1_i1,15.0
577,TRINITY_DN1046_c0_g1_i1,15.0
5692,TRINITY_DN15149_c0_g1_i1,15.0
862,TRINITY_DN10737_c0_g1_i1,15.0
7853,TRINITY_DN16896_c0_g1_i1,15.0
7606,TRINITY_DN16697_c0_g1_i1,15.0
2647,TRINITY_DN12269_c0_g1_i1,15.0
1307,TRINITY_DN1109_c0_g1_i1,15.0
789,TRINITY_DN10673_c0_g1_i1,15.0
1571,TRINITY_DN11332_c0_g1_i1,14.0
4827,TRINITY_DN14239_c0_g1_i1,14.0
5166,TRINITY_DN14560_c0_g1_i1,14.0
3562,TRINITY_DN13067_c0_g1_i1,14.0
646,TRINITY_DN1053_c0_g1_i1,14.0
16,TRINITY_DN10012_c0_g1_i1,14.0
1352,TRINITY_DN1113_c0_g1_i1,14.0
6179,TRINITY_DN1554_c0_g1_i1,14.0
1209,TRINITY_DN11009_c0_g1_i1,14.0
2618,TRINITY_DN12241_c0_g1_i1,14.0
684,TRINITY_DN10574_c0_g1_i1,14.0
727,TRINITY_DN10611_c0_g1_i1,14.0
1492,TRINITY_DN1125_c0_g1_i1,14.0
1112,TRINITY_DN10949_c0_g1_i1,14.0
5833,TRINITY_DN15260_c0_g1_i1,14.0
2773,TRINITY_DN12378_c0_g1_i1,14.0
7903,TRINITY_DN16933_c0_g1_i1,14.0
735,TRINITY_DN1061_c0_g1_i1,14.0
1429,TRINITY_DN11209_c0_g1_i1,14.0
6122,TRINITY_DN15504_c0_g1_i1,14.0
2355,TRINITY_DN12000_c0_g1_i1,14.0
5572,TRINITY_DN15007_c0_g1_i1,14.0
428,TRINITY_DN10345_c0_g1_i1,14.0
3569,TRINITY_DN13074_c0_g1_i1,13.0
6529,TRINITY_DN15839_c0_g1_i1,13.0
667,TRINITY_DN10557_c0_g1_i1,13.0
5428,TRINITY_DN14841_c0_g1_i1,13.0
2284,TRINITY_DN11939_c0_g1_i1,13.0
7679,TRINITY_DN16758_c0_g1_i1,13.0
4666,TRINITY_DN14087_c0_g1_i1,13.0
6469,TRINITY_DN15782_c0_g1_i1,13.0
1356,TRINITY_DN11143_c0_g1_i1,13.0
2789,TRINITY_DN12395_c0_g1_i1,13.0
3482,TRINITY_DN1299_c0_g1_i1,13.0
5760,TRINITY_DN15204_c0_g1_i1,13.0
760,TRINITY_DN10643_c0_g1_i1,13.0
905,TRINITY_DN10779_c0_g1_i1,13.0
1113,TRINITY_DN1094_c0_g1_i1,13.0
1434,TRINITY_DN11212_c0_g1_i1,13.0
997,TRINITY_DN10847_c0_g1_i1,13.0
578,TRINITY_DN10470_c0_g1_i1,13.0
403,TRINITY_DN1032_c0_g1_i1,13.0
5246,TRINITY_DN14646_c0_g1_i1,13.0
7919,TRINITY_DN16947_c0_g1_i1,13.0
6236,TRINITY_DN15591_c0_g1_i1,13.0
4274,TRINITY_DN13744_c0_g1_i1,13.0
4355,TRINITY_DN13805_c0_g1_i1,13.0
4172,TRINITY_DN13656_c0_g1_i1,13.0
5050,TRINITY_DN14459_c0_g1_i1,12.0
1500,TRINITY_DN11267_c0_g1_i1,12.0
1826,TRINITY_DN11541_c0_g1_i1,12.0
3468,TRINITY_DN12985_c0_g1_i1,12.0
7093,TRINITY_DN16287_c0_g1_i1,12.0
1259,TRINITY_DN11053_c0_g1_i1,12.0
2783,TRINITY_DN12388_c0_g1_i1,12.0
2588,TRINITY_DN12214_c0_g1_i1,12.0
1171,TRINITY_DN10999_c0_g1_i1,12.0
7360,TRINITY_DN16489_c0_g1_i1,12.0
1671,TRINITY_DN11404_c0_g1_i1,12.0
4281,TRINITY_DN13750_c0_g1_i1,12.0
2545,TRINITY_DN12174_c0_g1_i1,12.0
4830,TRINITY_DN14241_c0_g1_i1,11.0
1527,TRINITY_DN11291_c0_g1_i1,11.0
1272,TRINITY_DN11067_c0_g1_i1,11.0
1400,TRINITY_DN11186_c0_g1_i1,11.0
1367,TRINITY_DN11155_c0_g1_i1,11.0
3493,TRINITY_DN13008_c0_g1_i1,11.0
3473,TRINITY_DN12990_c0_g1_i1,11.0
6413,TRINITY_DN15736_c0_g1_i1,11.0
914,TRINITY_DN10788_c0_g1_i1,11.0
1304,TRINITY_DN11096_c0_g1_i1,11.0
7969,TRINITY_DN16982_c0_g1_i1,11.0
3566,TRINITY_DN13071_c0_g1_i1,11.0
1355,TRINITY_DN11142_c0_g1_i1,11.0
4517,TRINITY_DN13965_c0_g1_i1,11.0
625,TRINITY_DN10519_c0_g1_i1,10.0
7587,TRINITY_DN16680_c0_g1_i1,10.0
3377,TRINITY_DN12901_c0_g1_i1,10.0
1155,TRINITY_DN10986_c0_g1_i1,10.0
5076,TRINITY_DN14480_c0_g1_i1,10.0
4386,TRINITY_DN13838_c0_g1_i1,10.0
5489,TRINITY_DN14923_c0_g1_i1,10.0
7091,TRINITY_DN16285_c0_g1_i1,10.0
1149,TRINITY_DN10980_c0_g1_i1,9.0
4816,TRINITY_DN14227_c0_g1_i1,9.0
1858,TRINITY_DN11571_c0_g1_i1,9.0
5251,TRINITY_DN14653_c0_g1_i1,9.0
2140,TRINITY_DN11802_c0_g1_i1,9.0
1280,TRINITY_DN11074_c0_g1_i1,9.0
3123,TRINITY_DN12686_c0_g1_i1,9.0
1436,TRINITY_DN11214_c0_g1_i1,9.0
1291,TRINITY_DN11084_c0_g1_i1,9.0
562,TRINITY_DN10454_c0_g1_i1,9.0
3704,TRINITY_DN13201_c0_g1_i1,8.0
4082,TRINITY_DN13578_c0_g1_i1,8.0
5020,TRINITY_DN14424_c0_g1_i1,7.0
1530,TRINITY_DN11294_c0_g1_i1,7.0
4417,TRINITY_DN13868_c0_g1_i1,7.0
2720,TRINITY_DN12330_c0_g1_i1,7.0
2629,TRINITY_DN12250_c0_g1_i1,7.0
1687,TRINITY_DN11418_c0_g1_i1,7.0
2236,TRINITY_DN11897_c0_g1_i1,6.0
3793,TRINITY_DN13297_c0_g1_i1,4.0
2599,TRINITY_DN12229_c0_g1_i1,3.0
